account,channel,anchor
抖音-再腾,星辰-抖音01,陌上笑钢琴课堂
抖音-再腾,星辰-抖音02,音跃钢琴课堂
抖音-再腾,星辰-抖音03,王老师教钢琴
抖音-再腾,星辰-抖音04,易学老师
抖音-再腾,星辰-抖音05,小高老师
抖音-再腾,星辰-抖音06,李老师教钢琴
抖音-再腾,星辰-抖音07,芊娅老师成人钢琴
抖音-再腾,星辰-抖音08,小宇老师成人钢琴教学
抖音-再腾,星辰-抖音09,笑笑老师教钢琴
抖音-再腾,星辰-抖音10,赫赫老师成人钢琴
抖音-再腾,星辰-抖音11,陌上笑钢琴课堂
抖音-再腾,星辰-抖音12,李老师电子琴钢琴(八度)
抖音-再腾,星辰-抖音13,致乐电子琴教学
抖音-再腾,星辰-抖音14,成人钢琴
抖音-再腾,星辰-抖音15,夏夏弹唱
抖音-再腾,星辰-抖音16,莉莉老师成人钢琴
抖音-再腾,星辰-抖音17,昱文朋教电子琴钢琴
抖音-再腾,星辰-抖音18,叶老师钢琴教学
抖音-再腾,星辰-抖音19,源源钢琴电子琴课堂
抖音-再腾,星辰-抖音20,喃喃电子琴钢琴
抖音-再腾,星辰-抖音21,小冯老师教钢琴
抖音-再腾,星辰-抖音22,程程老师钢琴电子琴
抖音-再腾,星辰-抖音23（1）,大王钢琴
抖音-再腾,星辰-抖音24,程程老师钢琴电子琴
抖音-再腾,星辰-抖音25,零基础成人🎹学琴
抖音-再腾,星辰-抖音26,栗子老师教弹琴
抖音-再腾,星辰-抖音27,阿奇老师成人钢琴
严总,Andy-抖音严1,阿7老师成人钢琴
严总,Andy-抖音严2,壹家钢琴电子琴教学
严总,抖音严3,一起来学琴
严总,抖音严4,成人钢琴电子琴
严总,抖音严5,6节课
严总,抖音严6,中老年人电子琴十天快速上手
严总,无需要卡片，发员工邀请即可（严总）,成人钢琴电子琴教学
视频号-斯德,星辰-视频号01,源源老师
视频号-斯德,星辰-视频号02,王老师教弹琴
视频号-斯德,星辰-视频号03,大王钢琴
